id,first_name,last_name,email,gender,department
1,Shanda,Riediger,sriediger0@netlog.com,Non-binary,Shoes
2,Dick,Madoc-Jones,dmadocjones1@free.fr,Agender,Music
3,Putnam,Crank,pcrank2@miitbeian.gov.cn,Male,Beauty
4,Saudra,Bernardino,sbernardino3@networksolutions.com,Agender,Baby
5,Herminia,Bisp,hbisp4@tmall.com,Agender,Outdoors
6,Dukey,Sheals,dsheals5@live.com,Male,Garden
7,L;urette,Gaskin,lgaskin6@comsenz.com,Genderfluid,Home
8,Lazaro,Ollenbuttel,lollenbuttel7@rambler.ru,Agender,Computers
9,Ruthann,Sipson,rsipson8@youtube.com,Non-binary,Games
10,Fiann,Tickle,ftickle9@spiegel.de,Polygender,Electronics
11,Killy,Kembrey,kkembreya@mediafire.com,Genderfluid,Baby
12,Tracee,Skip,tskipb@bandcamp.com,Genderqueer,Toys
13,Giralda,Jillitt,gjillittc@photobucket.com,Non-binary,Books
14,Dotty,Siddle,dsiddled@jigsy.com,Male,Books
15,Jammie,Triplow,jtriplowe@altervista.org,Genderfluid,Music
16,Alexi,Shorrock,ashorrockf@desdev.cn,Female,Garden
17,Corbie,Yerrill,cyerrillg@sitemeter.com,Genderqueer,Jewelry
18,Ad,Cooley,acooleyh@creativecommons.org,Female,Books
19,Audi,I'anson,aiansoni@godaddy.com,Non-binary,Industrial
20,Oralia,Oels,ooelsj@booking.com,Agender,Garden
21,Keelby,Dicker,kdickerk@nifty.com,Genderfluid,Tools
22,Melissa,Arman,marmanl@tuttocitta.it,Male,Home
23,Agosto,Van Weedenburg,avanweedenburgm@buzzfeed.com,Non-binary,Shoes
24,Alfred,Humpherston,ahumpherstonn@vk.com,Male,Electronics
25,Katleen,Bozier,kboziero@patch.com,Agender,Outdoors
26,Corbet,Limpricht,climprichtp@adobe.com,Bigender,Books
27,Norah,Clavering,nclaveringq@newsvine.com,Polygender,Books
28,Greggory,Bolver,gbolverr@hc360.com,Bigender,Music
29,Othello,Wakley,owakleys@ed.gov,Bigender,Baby
30,Sydney,Albion,salbiont@biglobe.ne.jp,Bigender,Industrial
31,Liuka,Furnell,lfurnellu@dailymail.co.uk,Agender,Beauty
32,Jody,Apark,japarkv@tinyurl.com,Polygender,Industrial
33,Kellyann,Letch,kletchw@springer.com,Polygender,Games
34,Quintus,Cristoforetti,qcristoforettix@infoseek.co.jp,Genderqueer,Grocery
35,Latashia,Merrick,lmerricky@cloudflare.com,Agender,Games
36,Cheri,Golby,cgolbyz@dedecms.com,Non-binary,Sports
37,Erwin,Croote,ecroote10@bizjournals.com,Genderfluid,Industrial
38,Gleda,Meedendorpe,gmeedendorpe11@sfgate.com,Polygender,Jewelry
39,Emerson,Hills,ehills12@tumblr.com,Male,Books
40,Barbe,Sharple,bsharple13@jimdo.com,Polygender,Garden
41,Marsiella,McEniry,mmceniry14@ucla.edu,Polygender,Industrial
42,Edi,Kalinke,ekalinke15@rediff.com,Male,Clothing
43,Gretta,Paff,gpaff16@techcrunch.com,Agender,Grocery
44,Alfons,Breznovic,abreznovic17@squidoo.com,Polygender,Music
45,Josiah,Clouston,jclouston18@mayoclinic.com,Agender,Kids
46,Tobey,Slemmonds,tslemmonds19@dailymail.co.uk,Female,Home
47,Ivonne,Benneton,ibenneton1a@zimbio.com,Non-binary,Jewelry
48,Malchy,Annon,mannon1b@comcast.net,Genderqueer,Toys
49,Kary,Bicker,kbicker1c@marketwatch.com,Bigender,Shoes
50,Brett,Finney,bfinney1d@angelfire.com,Polygender,Outdoors
51,Benedikt,Glassman,bglassman1e@mediafire.com,Non-binary,Books
52,Cherice,Morston,cmorston1f@cnn.com,Agender,Industrial
53,Dominic,Worsom,dworsom1g@rambler.ru,Non-binary,Books
54,Belle,Buckbee,bbuckbee1h@domainmarket.com,Non-binary,Jewelry
55,Harriett,Clive,hclive1i@nsw.gov.au,Polygender,Shoes
56,Monroe,Isakovitch,misakovitch1j@virginia.edu,Female,Toys
57,Carlen,Pietruszka,cpietruszka1k@people.com.cn,Bigender,Books
58,Kin,Stiegars,kstiegars1l@geocities.jp,Polygender,Industrial
59,Kelsey,Stutely,kstutely1m@paginegialle.it,Polygender,Games
60,Margaretha,Thow,mthow1n@bbc.co.uk,Polygender,Sports
61,Aldon,Krolle,akrolle1o@craigslist.org,Genderqueer,Books
62,Carolynn,Ganter,cganter1p@loc.gov,Bigender,Tools
63,Ronnica,Altofts,raltofts1q@theatlantic.com,Polygender,Industrial
64,Freeman,Pinchin,fpinchin1r@hubpages.com,Genderqueer,Beauty
65,Jeannine,Cattlow,jcattlow1s@nifty.com,Non-binary,Health
66,Fay,Matushevitz,fmatushevitz1t@tripod.com,Non-binary,Grocery
67,Krysta,Canario,kcanario1u@tumblr.com,Polygender,Baby
68,Seamus,Andersen,sandersen1v@ted.com,Genderqueer,Outdoors
69,Cordula,Sygroves,csygroves1w@apache.org,Genderfluid,Electronics
70,Astrix,Joseff,ajoseff1x@mit.edu,Genderfluid,Toys
71,Rurik,Fitchen,rfitchen1y@ovh.net,Male,Beauty
72,Scottie,Rosenhaus,srosenhaus1z@bbc.co.uk,Bigender,Kids
73,Merrily,Warde,mwarde20@weather.com,Female,Automotive
74,Esteban,Lyddon,elyddon21@state.tx.us,Non-binary,Health
75,Myca,Alvis,malvis22@latimes.com,Genderfluid,Jewelry
76,Ferdy,Elsmor,felsmor23@linkedin.com,Male,Music
77,Julia,Blasing,jblasing24@nsw.gov.au,Genderfluid,Baby
78,Amery,Densey,adensey25@timesonline.co.uk,Genderqueer,Industrial
79,Gilbertina,Hakey,ghakey26@psu.edu,Male,Computers
80,Nerita,Fanthome,nfanthome27@harvard.edu,Genderfluid,Clothing
81,Arthur,Goldberg,agoldberg28@adobe.com,Genderqueer,Home
82,Claudina,Dowgill,cdowgill29@wisc.edu,Genderqueer,Health
83,Denny,Ochterlonie,dochterlonie2a@reddit.com,Female,Computers
84,Marco,Prickett,mprickett2b@forbes.com,Genderqueer,Tools
85,Frans,Newbold,fnewbold2c@ted.com,Female,Books
86,Uriel,Druhan,udruhan2d@webs.com,Non-binary,Shoes
87,Missie,Coye,mcoye2e@ihg.com,Male,Health
88,Candis,Atter,catter2f@odnoklassniki.ru,Bigender,Games
89,Benita,Gartan,bgartan2g@slashdot.org,Bigender,Sports
90,Vannie,Algie,valgie2h@answers.com,Male,Clothing
91,Kiley,Vallow,kvallow2i@digg.com,Male,Music
92,Starr,Eastes,seastes2j@blogspot.com,Genderfluid,Toys
93,Sylvan,Thay,sthay2k@nature.com,Polygender,Music
94,Grange,Clementucci,gclementucci2l@tuttocitta.it,Agender,Sports
95,Kristy,Dowtry,kdowtry2m@nature.com,Genderfluid,Clothing
96,Griffy,Santry,gsantry2n@oaic.gov.au,Genderfluid,Outdoors
97,Dean,Freeland,dfreeland2o@netscape.com,Genderfluid,Grocery
98,Twyla,Larkin,tlarkin2p@ehow.com,Genderqueer,Computers
99,Rozina,Rishbrook,rrishbrook2q@reddit.com,Genderfluid,Kids
100,Emera,Nel,enel2r@washington.edu,Agender,Baby
101,Eliza,Greim,egreim2s@illinois.edu,Female,Shoes
102,Marilin,Beldam,mbeldam2t@joomla.org,Agender,Games
103,Coraline,Mordey,cmordey2u@blogs.com,Polygender,Books
104,Sonny,Glaze,sglaze2v@squidoo.com,Bigender,Tools
105,Rustin,Skelington,rskelington2w@squidoo.com,Genderqueer,Grocery
106,Hort,Le Bosse,hlebosse2x@techcrunch.com,Non-binary,Shoes
107,Kaine,De Mars,kdemars2y@stumbleupon.com,Bigender,Clothing
108,Ally,Osan,aosan2z@barnesandnoble.com,Male,Garden
109,Lannie,Jahnke,ljahnke30@huffingtonpost.com,Genderqueer,Toys
110,Rachael,Edgeley,redgeley31@smh.com.au,Genderfluid,Health
111,Sansone,Quaife,squaife32@goo.gl,Genderqueer,Electronics
112,Wainwright,Cruces,wcruces33@boston.com,Agender,Electronics
113,Elna,Torpie,etorpie34@wikispaces.com,Female,Toys
114,Johnathon,Brayshay,jbrayshay35@nih.gov,Agender,Clothing
115,Ode,Collen,ocollen36@springer.com,Genderfluid,Jewelry
116,Wallie,Crummy,wcrummy37@apple.com,Female,Movies
117,Dionne,Esmond,desmond38@tiny.cc,Genderqueer,Outdoors
118,Agnola,Battelle,abattelle39@wordpress.org,Male,Garden
119,Sasha,Ingles,singles3a@sphinn.com,Bigender,Movies
120,Deane,Bowkett,dbowkett3b@fotki.com,Bigender,Music
121,Barn,Wooler,bwooler3c@weibo.com,Male,Computers
122,Riannon,Saltmarshe,rsaltmarshe3d@house.gov,Bigender,Industrial
123,Emmanuel,Siene,esiene3e@networksolutions.com,Genderfluid,Outdoors
124,Kerrin,Gouthier,kgouthier3f@cnet.com,Non-binary,Toys
125,Winslow,Frangleton,wfrangleton3g@friendfeed.com,Non-binary,Outdoors
126,Case,Ambroziak,cambroziak3h@economist.com,Non-binary,Beauty
127,Lyn,MacMaster,lmacmaster3i@yandex.ru,Genderqueer,Health
128,Collette,Luckes,cluckes3j@epa.gov,Bigender,Computers
129,Jannelle,Grand,jgrand3k@about.com,Female,Health
130,Barbi,Thaim,bthaim3l@hatena.ne.jp,Genderqueer,Health
131,Shermy,Yaakov,syaakov3m@plala.or.jp,Agender,Industrial
132,Dal,Kiledal,dkiledal3n@addthis.com,Female,Beauty
133,Silvan,Caesman,scaesman3o@columbia.edu,Non-binary,Health
134,Raddie,Killigrew,rkilligrew3p@newyorker.com,Bigender,Toys
135,Niccolo,Growcock,ngrowcock3q@unc.edu,Agender,Games
136,Lincoln,Gulliman,lgulliman3r@squarespace.com,Genderqueer,Computers
137,Vance,Bragg,vbragg3s@360.cn,Non-binary,Shoes
138,Elyse,Kingsnorth,ekingsnorth3t@ehow.com,Genderfluid,Electronics
139,Meaghan,Jobbins,mjobbins3u@businessinsider.com,Agender,Toys
140,Pedro,Blazey,pblazey3v@histats.com,Genderqueer,Automotive
141,Osmund,Gonning,ogonning3w@nyu.edu,Genderqueer,Sports
142,Glory,Volett,gvolett3x@discuz.net,Genderfluid,Kids
143,Sharleen,Colebourne,scolebourne3y@pcworld.com,Female,Outdoors
144,Cristionna,MacMarcuis,cmacmarcuis3z@telegraph.co.uk,Male,Shoes
145,Hammad,Wingar,hwingar40@springer.com,Bigender,Health
146,Patric,Drennan,pdrennan41@yahoo.co.jp,Bigender,Music
147,Concettina,Blaney,cblaney42@yolasite.com,Female,Clothing
148,Cathee,Zanneli,czanneli43@amazonaws.com,Female,Shoes
149,Glad,Janew,gjanew44@feedburner.com,Genderfluid,Health
150,Jervis,Landsborough,jlandsborough45@topsy.com,Male,Movies
151,Morgen,McIndrew,mmcindrew46@sfgate.com,Female,Toys
152,Rooney,Faill,rfaill47@ihg.com,Female,Outdoors
153,Margeaux,Niblo,mniblo48@booking.com,Agender,Home
154,Terese,Pegrum,tpegrum49@prlog.org,Bigender,Beauty
155,Aila,Kach,akach4a@ca.gov,Male,Outdoors
156,Caryl,Bertenshaw,cbertenshaw4b@tiny.cc,Genderfluid,Computers
157,Pascal,Bain,pbain4c@upenn.edu,Non-binary,Baby
158,Sadye,Pattie,spattie4d@alexa.com,Genderfluid,Music
159,Marlyn,Hearst,mhearst4e@tamu.edu,Genderfluid,Health
160,Salaidh,Leggett,sleggett4f@state.gov,Male,Kids
161,Olav,Gartside,ogartside4g@geocities.jp,Non-binary,Shoes
162,Chicky,McKeurtan,cmckeurtan4h@spotify.com,Genderfluid,Outdoors
163,Dewey,Badcock,dbadcock4i@squidoo.com,Bigender,Shoes
164,Lu,Poupard,lpoupard4j@biblegateway.com,Polygender,Beauty
165,Sephira,Dudny,sdudny4k@dropbox.com,Polygender,Outdoors
166,Pennie,Rozec,prozec4l@qq.com,Genderqueer,Music
167,Alanah,Fulstow,afulstow4m@barnesandnoble.com,Genderqueer,Computers
168,Belle,MacAlister,bmacalister4n@europa.eu,Male,Toys
169,Hersh,Stoneham,hstoneham4o@wikia.com,Agender,Clothing
170,Bing,Bettaney,bbettaney4p@ovh.net,Male,Movies
171,Webb,Shurman,wshurman4q@redcross.org,Polygender,Computers
172,Chrissy,Gloyens,cgloyens4r@soup.io,Male,Clothing
173,Shay,Ravenshaw,sravenshaw4s@prlog.org,Polygender,Garden
174,Margaux,Swancock,mswancock4t@earthlink.net,Male,Computers
175,Barri,Mahood,bmahood4u@elegantthemes.com,Agender,Health
176,Andie,Marrows,amarrows4v@hibu.com,Bigender,Music
177,Jeff,Saffen,jsaffen4w@cpanel.net,Non-binary,Shoes
178,Bard,Fontel,bfontel4x@51.la,Male,Computers
179,Angie,Cason,acason4y@weather.com,Bigender,Industrial
180,Buiron,Lubeck,blubeck4z@dailymail.co.uk,Female,Toys
181,Mara,Napthine,mnapthine50@omniture.com,Polygender,Home
182,Earle,Skitterel,eskitterel51@jalbum.net,Genderqueer,Toys
183,Melly,Harland,mharland52@purevolume.com,Polygender,Sports
184,Avigdor,Barrim,abarrim53@microsoft.com,Bigender,Outdoors
185,Nickey,Martina,nmartina54@google.com.br,Female,Jewelry
186,Luce,Lidyard,llidyard55@deliciousdays.com,Agender,Tools
187,Tadeo,Jerke,tjerke56@nbcnews.com,Male,Outdoors
188,Burg,Ballentime,bballentime57@ocn.ne.jp,Agender,Grocery
189,Sloane,D'Cruze,sdcruze58@mediafire.com,Polygender,Garden
190,Shawnee,Cosbey,scosbey59@godaddy.com,Agender,Health
191,Kayla,Regan,kregan5a@nymag.com,Agender,Games
192,Teri,Feldklein,tfeldklein5b@4shared.com,Agender,Jewelry
193,Porter,Stidson,pstidson5c@privacy.gov.au,Polygender,Baby
194,Brnaba,Sowley,bsowley5d@sohu.com,Genderfluid,Industrial
195,Aurelia,Goss,agoss5e@fc2.com,Male,Books
196,Ivory,Buxy,ibuxy5f@g.co,Genderfluid,Kids
197,Reinhold,von Nassau,rvonnassau5g@cargocollective.com,Non-binary,Health
198,Bartolemo,Statefield,bstatefield5h@cbsnews.com,Male,Sports
199,Clementius,Germann,cgermann5i@nifty.com,Female,Home
200,Rubetta,Curwood,rcurwood5j@cargocollective.com,Genderfluid,Beauty
201,Rozele,Rawnsley,rrawnsley5k@foxnews.com,Agender,Games
202,Natassia,Hartgill,nhartgill5l@taobao.com,Genderfluid,Automotive
203,Lydon,McGrowther,lmcgrowther5m@fotki.com,Polygender,Garden
204,Peria,Sowrah,psowrah5n@rakuten.co.jp,Female,Sports
205,Flinn,Fleetwood,ffleetwood5o@earthlink.net,Agender,Games
206,Cecelia,Itzkov,citzkov5p@amazon.co.uk,Genderqueer,Sports
207,Alex,Klambt,aklambt5q@bigcartel.com,Non-binary,Music
208,Em,Olivey,eolivey5r@github.io,Genderfluid,Toys
209,Ellissa,Barnbrook,ebarnbrook5s@devhub.com,Agender,Outdoors
210,Dun,Symon,dsymon5t@springer.com,Bigender,Kids
211,Merrill,Bloxsom,mbloxsom5u@theatlantic.com,Male,Outdoors
212,Tish,Onians,tonians5v@creativecommons.org,Non-binary,Computers
213,Magdalene,Benning,mbenning5w@sfgate.com,Bigender,Clothing
214,Andie,Tomasik,atomasik5x@cbslocal.com,Non-binary,Movies
215,Russell,Sedgwick,rsedgwick5y@guardian.co.uk,Non-binary,Books
216,Svend,Biggadyke,sbiggadyke5z@gravatar.com,Genderfluid,Grocery
217,Fina,Bibey,fbibey60@bloglines.com,Non-binary,Sports
218,Evania,Aslie,easlie61@npr.org,Female,Home
219,Elwood,Thomsson,ethomsson62@gov.uk,Polygender,Toys
220,Reidar,Van Der Weedenburg,rvanderweedenburg63@goo.gl,Female,Music
221,Sherlock,Buscombe,sbuscombe64@devhub.com,Non-binary,Home
222,Corine,Kunzler,ckunzler65@bloglovin.com,Genderfluid,Movies
223,Rosemary,Morrow,rmorrow66@opera.com,Agender,Health
224,Tito,Mellody,tmellody67@over-blog.com,Genderfluid,Movies
225,Yankee,Patesel,ypatesel68@youku.com,Non-binary,Electronics
226,Beaufort,Armin,barmin69@zdnet.com,Bigender,Jewelry
227,Arron,Igglesden,aigglesden6a@dropbox.com,Genderfluid,Industrial
228,Lorry,Maccraw,lmaccraw6b@mit.edu,Male,Clothing
229,Law,Suttaby,lsuttaby6c@engadget.com,Non-binary,Kids
230,Florie,Armitt,farmitt6d@altervista.org,Male,Computers
231,Kellia,Matonin,kmatonin6e@last.fm,Genderqueer,Garden
232,Maddy,Steutly,msteutly6f@economist.com,Genderqueer,Shoes
233,Gregg,Balf,gbalf6g@sun.com,Genderqueer,Games
234,Nehemiah,Adame,nadame6h@mapy.cz,Genderfluid,Home
235,Whitman,Ibberson,wibberson6i@cbc.ca,Agender,Clothing
236,Sheena,Pymm,spymm6j@discovery.com,Agender,Movies
237,Nathaniel,Ridett,nridett6k@unc.edu,Non-binary,Outdoors
238,Paulita,Keyes,pkeyes6l@drupal.org,Genderqueer,Books
239,Cody,Klaussen,cklaussen6m@independent.co.uk,Male,Clothing
240,Nathalie,Seakin,nseakin6n@phoca.cz,Genderqueer,Clothing
241,Steffi,Trewartha,strewartha6o@cmu.edu,Female,Kids
242,Elvin,Pride,epride6p@globo.com,Non-binary,Home
243,Deb,Versey,dversey6q@samsung.com,Female,Sports
244,Misha,Driffe,mdriffe6r@about.com,Male,Clothing
245,Caitlin,Kalkofen,ckalkofen6s@odnoklassniki.ru,Non-binary,Toys
246,Ninetta,Hexum,nhexum6t@house.gov,Non-binary,Baby
247,Temp,Zannotti,tzannotti6u@netvibes.com,Genderfluid,Shoes
248,Aleece,McInteer,amcinteer6v@paypal.com,Polygender,Clothing
249,Rebekkah,Kestin,rkestin6w@desdev.cn,Bigender,Computers
250,Harp,Treves,htreves6x@google.it,Genderqueer,Sports
251,Andy,Poutress,apoutress6y@prweb.com,Genderfluid,Electronics
252,Mathian,Linkin,mlinkin6z@theatlantic.com,Genderqueer,Automotive
253,Agnesse,Wherrit,awherrit70@ebay.com,Genderfluid,Movies
254,Tara,Betser,tbetser71@about.me,Non-binary,Health
255,Nicolle,Bladesmith,nbladesmith72@seattletimes.com,Agender,Beauty
256,Leighton,Fendley,lfendley73@ning.com,Bigender,Health
257,Elwira,Denver,edenver74@blogs.com,Genderfluid,Tools
258,Susan,Stadding,sstadding75@youku.com,Female,Movies
259,Lynnette,Booton,lbooton76@ca.gov,Female,Home
260,Imelda,Olsen,iolsen77@nsw.gov.au,Bigender,Music
261,Tonia,Dobkin,tdobkin78@va.gov,Genderqueer,Automotive
262,Menard,Brabbs,mbrabbs79@cafepress.com,Male,Tools
263,Adolpho,Gallant,agallant7a@cafepress.com,Polygender,Computers
264,Benton,Sindell,bsindell7b@samsung.com,Genderfluid,Industrial
265,Buck,Satford,bsatford7c@go.com,Male,Industrial
266,Aloise,Cleall,acleall7d@fotki.com,Non-binary,Books
267,Gabriel,Reye,greye7e@newyorker.com,Non-binary,Shoes
268,Inez,Seak,iseak7f@si.edu,Male,Kids
269,Ag,Lindegard,alindegard7g@geocities.jp,Bigender,Toys
270,Fee,Pennrington,fpennrington7h@gov.uk,Agender,Grocery
271,Ernaline,Springford,espringford7i@senate.gov,Bigender,Sports
272,Valaria,Checchetelli,vchecchetelli7j@dropbox.com,Female,Industrial
273,Tatiana,Heasly,theasly7k@statcounter.com,Female,Games
274,Clim,Lambdon,clambdon7l@youku.com,Agender,Health
275,Lyssa,Pomphrett,lpomphrett7m@indiegogo.com,Non-binary,Shoes
276,Kathye,Croix,kcroix7n@360.cn,Agender,Clothing
277,Ware,Jeffries,wjeffries7o@mediafire.com,Genderfluid,Movies
278,Odelinda,L'Episcopio,olepiscopio7p@si.edu,Bigender,Beauty
279,Wanids,Woolnough,wwoolnough7q@delicious.com,Agender,Automotive
280,Lorne,Antunes,lantunes7r@microsoft.com,Genderfluid,Computers
281,Karly,Bownes,kbownes7s@umich.edu,Genderfluid,Grocery
282,Fern,Lamble,flamble7t@w3.org,Genderfluid,Tools
283,Anthea,Bowles,abowles7u@list-manage.com,Genderfluid,Health
284,Conrado,Camplin,ccamplin7v@hexun.com,Polygender,Kids
285,Nevin,Tick,ntick7w@craigslist.org,Polygender,Music
286,Livvie,Arundel,larundel7x@domainmarket.com,Bigender,Movies
287,Johna,Heartfield,jheartfield7y@imgur.com,Bigender,Shoes
288,Teodorico,Dilgarno,tdilgarno7z@comcast.net,Male,Industrial
289,Rubetta,Franses,rfranses80@photobucket.com,Bigender,Computers
290,Julio,Thirlwell,jthirlwell81@goo.gl,Genderfluid,Clothing
291,Townie,Wormstone,twormstone82@unicef.org,Male,Sports
292,Orion,MacMenamie,omacmenamie83@xinhuanet.com,Genderqueer,Health
293,Arlie,Fevers,afevers84@baidu.com,Bigender,Industrial
294,Archambault,Fer,afer85@craigslist.org,Bigender,Garden
295,Doug,Kienl,dkienl86@hibu.com,Genderfluid,Home
296,Zack,Birrane,zbirrane87@angelfire.com,Male,Books
297,Paul,Bragginton,pbragginton88@networkadvertising.org,Female,Toys
298,Cyndie,Bratty,cbratty89@yellowbook.com,Non-binary,Movies
299,Cheslie,Leatherbarrow,cleatherbarrow8a@howstuffworks.com,Non-binary,Tools
300,Thomasine,Folliss,tfolliss8b@zimbio.com,Non-binary,Movies
301,Bartel,Perfili,bperfili8c@ameblo.jp,Female,Tools
302,Monro,Oliff,moliff8d@t-online.de,Genderfluid,Computers
303,Phyllys,Serrell,pserrell8e@privacy.gov.au,Male,Games
304,Lynnett,Caffery,lcaffery8f@ed.gov,Polygender,Grocery
305,Tiler,Nana,tnana8g@jiathis.com,Genderqueer,Music
306,Timmi,Sandom,tsandom8h@tripadvisor.com,Agender,Electronics
307,Bonita,Beer,bbeer8i@usda.gov,Female,Grocery
308,Pat,Philpin,pphilpin8j@pagesperso-orange.fr,Female,Jewelry
309,Marga,Milliken,mmilliken8k@ed.gov,Genderfluid,Home
310,Margot,Scedall,mscedall8l@wix.com,Bigender,Toys
311,Sheree,Dreigher,sdreigher8m@elpais.com,Bigender,Shoes
312,Eveleen,Fargher,efargher8n@ed.gov,Genderfluid,Movies
313,Traver,Matushenko,tmatushenko8o@dell.com,Male,Kids
314,Salim,O'Leahy,soleahy8p@altervista.org,Polygender,Computers
315,Ronalda,Gindghill,rgindghill8q@whitehouse.gov,Genderfluid,Electronics
316,Lexi,Cary,lcary8r@state.gov,Genderqueer,Toys
317,Annaliese,Lofts,alofts8s@github.com,Non-binary,Books
318,Carlyle,Statefield,cstatefield8t@indiatimes.com,Polygender,Beauty
319,Micki,Griffitts,mgriffitts8u@uol.com.br,Male,Electronics
320,Grantham,Le Gall,glegall8v@fda.gov,Polygender,Garden
321,Maxy,Saffill,msaffill8w@meetup.com,Genderqueer,Industrial
322,Quent,Brushneen,qbrushneen8x@linkedin.com,Non-binary,Jewelry
323,Willey,Veltman,wveltman8y@nifty.com,Polygender,Grocery
324,Shandeigh,Focke,sfocke8z@fema.gov,Genderqueer,Sports
325,Kiley,Benditt,kbenditt90@woothemes.com,Male,Electronics
326,Latisha,MacMichael,lmacmichael91@ted.com,Agender,Baby
327,Guido,Flatt,gflatt92@last.fm,Polygender,Kids
328,Teressa,Avesque,tavesque93@google.pl,Genderqueer,Movies
329,Heidie,Stuchburie,hstuchburie94@imgur.com,Agender,Baby
330,Osmund,Ionn,oionn95@telegraph.co.uk,Male,Toys
331,Madella,Montes,mmontes96@booking.com,Male,Grocery
332,Bing,Henkmann,bhenkmann97@icio.us,Agender,Industrial
333,Donny,Chambers,dchambers98@imgur.com,Bigender,Computers
334,Chan,Maisey,cmaisey99@noaa.gov,Bigender,Grocery
335,Ulrika,Whenham,uwhenham9a@nhs.uk,Agender,Sports
336,Blanche,Fassman,bfassman9b@examiner.com,Bigender,Books
337,Zed,Bluck,zbluck9c@ow.ly,Polygender,Books
338,Padriac,Forth,pforth9d@vkontakte.ru,Male,Garden
339,Karola,Cianelli,kcianelli9e@ifeng.com,Female,Toys
340,Roseanna,Samper,rsamper9f@wikimedia.org,Genderqueer,Toys
341,Marion,Click,mclick9g@goodreads.com,Agender,Clothing
342,Paulita,Peploe,ppeploe9h@dell.com,Agender,Health
343,Brad,de Guerre,bdeguerre9i@facebook.com,Genderfluid,Movies
344,Brew,Swale,bswale9j@aboutads.info,Polygender,Automotive
345,Allis,Skerritt,askerritt9k@about.me,Bigender,Automotive
346,Justinn,McKimmie,jmckimmie9l@nhs.uk,Polygender,Computers
347,Donall,Paolinelli,dpaolinelli9m@discuz.net,Non-binary,Music
348,Pattie,Cruickshank,pcruickshank9n@plala.or.jp,Non-binary,Baby
349,Maribelle,Seedman,mseedman9o@soup.io,Genderfluid,Movies
350,Faunie,Fielding,ffielding9p@wiley.com,Female,Kids
351,Robbi,Sheldon,rsheldon9q@wunderground.com,Male,Industrial
352,Rolland,Moncreif,rmoncreif9r@wix.com,Bigender,Toys
353,Karla,Blaber,kblaber9s@buzzfeed.com,Genderqueer,Books
354,Humfried,Boerder,hboerder9t@sina.com.cn,Polygender,Baby
355,Ferdinanda,Sola,fsola9u@cloudflare.com,Genderfluid,Grocery
356,Coop,Maystone,cmaystone9v@icio.us,Female,Kids
357,Augustina,Guerin,aguerin9w@slideshare.net,Genderqueer,Music
358,Gail,Chalcroft,gchalcroft9x@jugem.jp,Polygender,Kids
359,Trenna,MacCathay,tmaccathay9y@linkedin.com,Non-binary,Tools
360,Kasper,Pavyer,kpavyer9z@chicagotribune.com,Female,Tools
361,Brita,O'Lunny,bolunnya0@so-net.ne.jp,Bigender,Automotive
362,Zorina,Lewins,zlewinsa1@discovery.com,Agender,Games
363,Simeon,Alesbrook,salesbrooka2@youku.com,Male,Books
364,Ellissa,McGoon,emcgoona3@naver.com,Bigender,Garden
365,Ches,Loddon,cloddona4@freewebs.com,Agender,Tools
366,Mala,Beldam,mbeldama5@deliciousdays.com,Genderfluid,Garden
367,Arlan,Medeway,amedewaya6@wix.com,Agender,Electronics
368,Gabbi,Beaven,gbeavena7@discuz.net,Non-binary,Beauty
369,Aurlie,Otter,aottera8@yellowbook.com,Genderfluid,Movies
370,Joyann,Condit,jcondita9@elpais.com,Genderqueer,Sports
371,Ashia,Glasscott,aglasscottaa@mtv.com,Agender,Kids
372,Bud,Culley,bculleyab@pbs.org,Agender,Beauty
373,Ronnica,Lutwidge,rlutwidgeac@hibu.com,Polygender,Tools
374,Page,Taudevin,ptaudevinad@mediafire.com,Bigender,Books
375,Andy,McIlwrick,amcilwrickae@creativecommons.org,Male,Grocery
376,Marni,Saffle,msaffleaf@istockphoto.com,Female,Jewelry
377,Agustin,Robley,arobleyag@oakley.com,Female,Garden
378,Gonzales,Sturr,gsturrah@disqus.com,Agender,Beauty
379,Natalina,Moscon,nmosconai@homestead.com,Genderfluid,Garden
380,Rawley,Quinnette,rquinnetteaj@sfgate.com,Genderqueer,Clothing
381,Cacilie,Reith,creithak@qq.com,Bigender,Computers
382,Immanuel,Denis,idenisal@ucoz.com,Non-binary,Garden
383,Darb,Buye,dbuyeam@lulu.com,Agender,Movies
384,Tarra,Saltmarshe,tsaltmarshean@xinhuanet.com,Male,Sports
385,Virgil,Ivakhno,vivakhnoao@hhs.gov,Genderfluid,Home
386,Johnny,Gwilt,jgwiltap@icio.us,Female,Beauty
387,Nicol,Rottcher,nrottcheraq@alexa.com,Polygender,Toys
388,Moss,Beardwell,mbeardwellar@163.com,Genderfluid,Grocery
389,Carolann,Littlejohn,clittlejohnas@nifty.com,Genderqueer,Games
390,Rafaellle,Lorenzin,rlorenzinat@mail.ru,Agender,Tools
391,Mohandas,Mickleburgh,mmickleburghau@t-online.de,Female,Computers
392,Ardelia,Ebbs,aebbsav@weather.com,Female,Jewelry
393,Jasun,Westmore,jwestmoreaw@ft.com,Polygender,Kids
394,Suzi,Plewman,splewmanax@slideshare.net,Bigender,Home
395,Gaelan,Padson,gpadsonay@amazon.co.uk,Agender,Games
396,Adoree,Danielski,adanielskiaz@joomla.org,Genderqueer,Books
397,Latia,Doveston,ldovestonb0@mysql.com,Bigender,Clothing
398,Oswald,Eynon,oeynonb1@yahoo.com,Male,Tools
399,Blair,Fewster,bfewsterb2@e-recht24.de,Genderfluid,Movies
400,Herby,Allsop,hallsopb3@g.co,Female,Music
401,Lorenza,Berge,lbergeb4@google.com.br,Bigender,Health
402,Allene,Feathers,afeathersb5@google.com,Genderqueer,Health
403,Fawn,Tembey,ftembeyb6@slideshare.net,Female,Music
404,Wallie,Casley,wcasleyb7@surveymonkey.com,Genderfluid,Computers
405,Marnia,Reckus,mreckusb8@topsy.com,Genderqueer,Books
406,Tisha,Larvent,tlarventb9@technorati.com,Agender,Computers
407,Sara-ann,Bissill,sbissillba@usnews.com,Male,Automotive
408,Emanuel,Cominello,ecominellobb@sitemeter.com,Genderfluid,Kids
409,Minda,Sutliff,msutliffbc@godaddy.com,Polygender,Grocery
410,Violette,Juste,vjustebd@wired.com,Bigender,Garden
411,Reid,Breeder,rbreederbe@google.com.hk,Non-binary,Beauty
412,Ricky,Robey,rrobeybf@walmart.com,Polygender,Shoes
413,Tallia,Simes,tsimesbg@t-online.de,Male,Movies
414,Spense,Nicholl,snichollbh@multiply.com,Genderqueer,Music
415,Kikelia,Butchers,kbutchersbi@unicef.org,Male,Garden
416,Faith,Erangey,ferangeybj@yahoo.com,Polygender,Jewelry
417,Afton,Haseley,ahaseleybk@ihg.com,Agender,Kids
418,Sandy,Droghan,sdroghanbl@economist.com,Genderqueer,Tools
419,Konstance,Pandya,kpandyabm@businesswire.com,Non-binary,Toys
420,Jennica,Rosita,jrositabn@pinterest.com,Polygender,Games
421,Sigfrid,Finn,sfinnbo@examiner.com,Agender,Automotive
422,Gun,Rix,grixbp@marketwatch.com,Bigender,Games
423,Clim,Brotherick,cbrotherickbq@cdc.gov,Male,Home
424,Livy,Duesberry,lduesberrybr@opera.com,Genderqueer,Clothing
425,Meier,Jessep,mjessepbs@xing.com,Non-binary,Shoes
426,Arv,Grisewood,agrisewoodbt@cafepress.com,Polygender,Electronics
427,Dave,Migheli,dmighelibu@fema.gov,Non-binary,Electronics
428,Ambrosius,Dennett,adennettbv@miitbeian.gov.cn,Polygender,Shoes
429,Dov,Catherick,dcatherickbw@theguardian.com,Genderfluid,Outdoors
430,Vassily,Keeley,vkeeleybx@squarespace.com,Bigender,Shoes
431,Mirilla,MacGillespie,mmacgillespieby@economist.com,Female,Computers
432,Sascha,Rosettini,srosettinibz@cdbaby.com,Polygender,Electronics
433,Chet,Benitez,cbenitezc0@patch.com,Male,Automotive
434,Jodie,Taw,jtawc1@g.co,Female,Sports
435,Lilla,Eccersley,leccersleyc2@google.co.uk,Agender,Kids
436,Teriann,Walkden,twalkdenc3@cbsnews.com,Bigender,Tools
437,Chloe,Heathcoat,cheathcoatc4@wikispaces.com,Genderfluid,Baby
438,Lydie,Merrick,lmerrickc5@arstechnica.com,Female,Shoes
439,Spence,Halford,shalfordc6@cam.ac.uk,Agender,Industrial
440,Esra,Bergstram,ebergstramc7@bandcamp.com,Agender,Jewelry
441,Crista,Gilsthorpe,cgilsthorpec8@seattletimes.com,Polygender,Health
442,Thor,Thorpe,tthorpec9@xinhuanet.com,Agender,Music
443,Aubry,Warbys,awarbysca@a8.net,Polygender,Beauty
444,Ruddie,Niccols,rniccolscb@icq.com,Genderfluid,Clothing
445,Mata,Leguay,mleguaycc@intel.com,Bigender,Clothing
446,Cindra,Gurrado,cgurradocd@ft.com,Genderqueer,Jewelry
447,Gwyneth,Vasyushkhin,gvasyushkhince@google.ca,Bigender,Games
448,Aile,Tenniswood,atenniswoodcf@taobao.com,Agender,Electronics
449,Klarika,McPhaden,kmcphadencg@imdb.com,Agender,Music
450,Idette,Vonasek,ivonasekch@newyorker.com,Agender,Automotive
451,Simona,McDougall,smcdougallci@umn.edu,Bigender,Garden
452,Ambrosius,Frangione,afrangionecj@goo.ne.jp,Genderfluid,Toys
453,Jule,Coleshill,jcoleshillck@examiner.com,Agender,Automotive
454,Annelise,Epps,aeppscl@census.gov,Genderfluid,Beauty
455,Andee,Gaddas,agaddascm@people.com.cn,Genderfluid,Outdoors
456,Justinian,Daintry,jdaintrycn@sourceforge.net,Polygender,Books
457,Franny,Cordery,fcorderyco@engadget.com,Polygender,Automotive
458,Andreana,Trumpeter,atrumpetercp@prweb.com,Female,Beauty
459,Winn,Helian,wheliancq@bbb.org,Genderfluid,Industrial
460,Lotty,Di Bartolommeo,ldibartolommeocr@so-net.ne.jp,Genderqueer,Movies
461,Neill,Roots,nrootscs@twitter.com,Bigender,Beauty
462,Armstrong,Oag,aoagct@webs.com,Female,Electronics
463,Viviene,Shires,vshirescu@princeton.edu,Genderfluid,Books
464,Clarey,Deuss,cdeusscv@squidoo.com,Agender,Books
465,Brina,Schuricht,bschurichtcw@mozilla.org,Polygender,Automotive
466,Cherey,Tynemouth,ctynemouthcx@indiatimes.com,Polygender,Beauty
467,Thorin,Scawton,tscawtoncy@thetimes.co.uk,Bigender,Tools
468,Athena,Axe,aaxecz@yandex.ru,Bigender,Garden
469,Lela,Dhenin,ldhenind0@bing.com,Bigender,Clothing
470,Shepperd,Glaserman,sglasermand1@ucla.edu,Male,Home
471,Garnette,McConway,gmcconwayd2@google.pl,Bigender,Garden
472,Kassie,Reace,kreaced3@indiegogo.com,Female,Tools
473,Anderea,Lygoe,alygoed4@engadget.com,Bigender,Automotive
474,Ninetta,Daid,ndaidd5@blogtalkradio.com,Non-binary,Sports
475,Trish,Bunyard,tbunyardd6@npr.org,Genderfluid,Beauty
476,Ketti,Jouhandeau,kjouhandeaud7@soup.io,Genderfluid,Kids
477,Susanna,Somersett,ssomersettd8@arizona.edu,Genderfluid,Games
478,Consuelo,Kiraly,ckiralyd9@last.fm,Genderqueer,Clothing
479,Miran,Sunley,msunleyda@i2i.jp,Non-binary,Computers
480,Shelley,Espasa,sespasadb@economist.com,Polygender,Tools
481,Dionne,Kinnear,dkinneardc@omniture.com,Genderfluid,Outdoors
482,Lindie,Cleynman,lcleynmandd@odnoklassniki.ru,Genderfluid,Garden
483,Emlyn,Tweddell,etweddellde@aol.com,Non-binary,Garden
484,Lucine,Buxam,lbuxamdf@virginia.edu,Genderfluid,Automotive
485,Elisa,Passey,epasseydg@yandex.ru,Female,Jewelry
486,Lotta,Wager,lwagerdh@npr.org,Female,Grocery
487,Grace,Kemmett,gkemmettdi@dagondesign.com,Male,Sports
488,Jere,Mallia,jmalliadj@list-manage.com,Bigender,Industrial
489,Ilise,Philler,iphillerdk@google.es,Genderqueer,Sports
490,Lesya,O'Scandall,loscandalldl@sbwire.com,Genderfluid,Health
491,Freida,Surby,fsurbydm@barnesandnoble.com,Agender,Health
492,Reinhard,Snelle,rsnelledn@dailymail.co.uk,Non-binary,Toys
493,Porter,Pennock,ppennockdo@taobao.com,Polygender,Music
494,Nonnah,Duly,ndulydp@answers.com,Male,Garden
495,Kaleb,Stogill,kstogilldq@salon.com,Polygender,Baby
496,Egan,Goldsbury,egoldsburydr@yahoo.com,Agender,Baby
497,Beniamino,Minchin,bminchinds@oaic.gov.au,Male,Music
498,Jeannette,Bloxsom,jbloxsomdt@is.gd,Female,Computers
499,Rebbecca,Rougier,rrougierdu@cbsnews.com,Bigender,Health
500,Carley,Vallintine,cvallintinedv@columbia.edu,Male,Industrial
501,Barry,Fermoy,bfermoydw@answers.com,Polygender,Beauty
502,Ferdie,Friedlos,ffriedlosdx@pagesperso-orange.fr,Male,Music
503,Florian,Balshen,fbalshendy@netscape.com,Agender,Shoes
504,Jordain,Dunniom,jdunniomdz@businesswire.com,Non-binary,Shoes
505,Ruthie,Kapelhof,rkapelhofe0@cmu.edu,Agender,Garden
506,Hanson,Ibanez,hibaneze1@cocolog-nifty.com,Male,Toys
507,Issiah,Leyshon,ileyshone2@aboutads.info,Female,Industrial
508,Patience,Souley,psouleye3@youtube.com,Genderfluid,Tools
509,Pauly,Kindon,pkindone4@github.com,Agender,Garden
510,Barbara,Lobb,blobbe5@homestead.com,Non-binary,Electronics
511,Dev,Kingsley,dkingsleye6@stanford.edu,Female,Sports
512,Colas,Ummfrey,cummfreye7@house.gov,Genderqueer,Grocery
513,Norine,Ambrogini,nambroginie8@reference.com,Bigender,Toys
514,Eloisa,Vannar,evannare9@usnews.com,Female,Movies
515,Dicky,Guyonnet,dguyonnetea@telegraph.co.uk,Genderqueer,Grocery
516,Maia,De Souza,mdesouzaeb@irs.gov,Agender,Electronics
517,Lisabeth,Order,lorderec@china.com.cn,Female,Computers
518,Lew,Woodrup,lwoodruped@dion.ne.jp,Genderqueer,Movies
519,Sayre,Leathem,sleathemee@domainmarket.com,Male,Shoes
520,Alonzo,Obey,aobeyef@shop-pro.jp,Male,Sports
521,Bevan,Kersting,bkerstingeg@newsvine.com,Female,Grocery
522,Jasun,Bautiste,jbautisteeh@histats.com,Polygender,Toys
523,Cristal,MacGrath,cmacgrathei@gravatar.com,Genderfluid,Toys
524,Garey,Boughen,gboughenej@intel.com,Bigender,Tools
525,Leeann,Candlin,lcandlinek@nih.gov,Non-binary,Toys
526,Wells,Scheffel,wscheffelel@g.co,Female,Toys
527,Dannie,Cheesley,dcheesleyem@myspace.com,Agender,Sports
528,Zerk,Clinton,zclintonen@qq.com,Agender,Shoes
529,Israel,Sawley,isawleyeo@theglobeandmail.com,Genderfluid,Shoes
530,Thadeus,MacCarrick,tmaccarrickep@jimdo.com,Male,Music
531,Lucho,Bernasek,lbernasekeq@joomla.org,Genderfluid,Computers
532,Rancell,Godbehere,rgodbehereer@goodreads.com,Genderqueer,Computers
533,Richart,Jakubovits,rjakubovitses@1und1.de,Agender,Home
534,Conny,Richarson,cricharsonet@oaic.gov.au,Female,Automotive
535,Minnnie,Addis,maddiseu@foxnews.com,Genderqueer,Beauty
536,Leslie,Popplestone,lpopplestoneev@dedecms.com,Female,Music
537,Elysee,Pietrzak,epietrzakew@examiner.com,Male,Kids
538,Ann,Infantino,ainfantinoex@mail.ru,Bigender,Tools
539,Essie,Dinneen,edinneeney@army.mil,Bigender,Electronics
540,Ash,Crips,acripsez@newsvine.com,Bigender,Sports
541,Lou,Kindread,lkindreadf0@forbes.com,Genderfluid,Toys
542,Winifred,Goodship,wgoodshipf1@ucoz.com,Genderfluid,Computers
543,Osmond,Teece,oteecef2@blogger.com,Non-binary,Home
544,Marcela,Billyard,mbillyardf3@amazon.de,Genderqueer,Games
545,Karole,Franceschelli,kfranceschellif4@hostgator.com,Genderfluid,Books
546,Josefina,Blakeley,jblakeleyf5@g.co,Genderfluid,Games
547,Walker,Walsom,wwalsomf6@bloglines.com,Non-binary,Automotive
548,Clarine,Micklewright,cmicklewrightf7@independent.co.uk,Genderfluid,Tools
549,Ranique,Baldocci,rbaldoccif8@umich.edu,Non-binary,Games
550,Arielle,Barwise,abarwisef9@edublogs.org,Polygender,Computers
551,Bev,Ranscome,branscomefa@webmd.com,Polygender,Health
552,Hortensia,Bonallack,hbonallackfb@slideshare.net,Non-binary,Grocery
553,Bethena,Eastwell,beastwellfc@marriott.com,Genderfluid,Movies
554,Karlotta,Denyakin,kdenyakinfd@google.com,Non-binary,Baby
555,Sammy,Shillam,sshillamfe@seattletimes.com,Female,Tools
556,Brockie,Segrave,bsegraveff@mlb.com,Genderqueer,Clothing
557,Brander,Letterick,bletterickfg@tripadvisor.com,Female,Sports
558,Justina,Vayne,jvaynefh@ed.gov,Genderfluid,Shoes
559,Tiphani,Bursnall,tbursnallfi@washingtonpost.com,Non-binary,Clothing
560,Renault,Ovanesian,rovanesianfj@yelp.com,Bigender,Music
561,Jada,Luttgert,jluttgertfk@psu.edu,Genderqueer,Health
562,Noah,Como,ncomofl@msn.com,Polygender,Sports
563,Ingrid,Jakubovicz,ijakuboviczfm@cafepress.com,Female,Outdoors
564,Shaine,Jorio,sjoriofn@so-net.ne.jp,Agender,Grocery
565,Gordan,Greatbach,ggreatbachfo@comsenz.com,Polygender,Automotive
566,Josias,Leere,jleerefp@timesonline.co.uk,Male,Tools
567,Rikki,Bonsul,rbonsulfq@wiley.com,Genderfluid,Beauty
568,Romola,Kenelin,rkenelinfr@furl.net,Genderfluid,Garden
569,Kelbee,Stagg,kstaggfs@youtu.be,Genderfluid,Electronics
570,Kare,Hansod,khansodft@redcross.org,Male,Beauty
571,Jillene,Walentynowicz,jwalentynowiczfu@dailymail.co.uk,Agender,Outdoors
572,Cornie,Simonou,csimonoufv@ycombinator.com,Non-binary,Kids
573,Rheta,Elderfield,relderfieldfw@yolasite.com,Genderfluid,Clothing
574,Gratia,Roff,grofffx@ehow.com,Male,Health
575,Dicky,Rosas,drosasfy@eventbrite.com,Genderqueer,Movies
576,Carlyn,Buckoke,cbuckokefz@samsung.com,Genderqueer,Jewelry
577,Helaine,Durno,hdurnog0@shareasale.com,Non-binary,Garden
578,Sherye,Newlyn,snewlyng1@google.fr,Polygender,Kids
579,Spenser,Jullian,sjulliang2@weather.com,Non-binary,Grocery
580,Rollins,Bonallack,rbonallackg3@kickstarter.com,Bigender,Toys
581,Tanhya,Smardon,tsmardong4@narod.ru,Female,Books
582,Lonni,Josefsson,ljosefssong5@chron.com,Polygender,Outdoors
583,Zorana,Hallas,zhallasg6@princeton.edu,Bigender,Clothing
584,Chrissy,Ivatts,civattsg7@goo.ne.jp,Polygender,Kids
585,Ritchie,Tavner,rtavnerg8@dedecms.com,Polygender,Sports
586,Vladamir,Jikovsky,vjikovskyg9@is.gd,Polygender,Shoes
587,Hilary,Moss,hmossga@blogspot.com,Polygender,Toys
588,Yves,Cockling,ycocklinggb@hubpages.com,Polygender,Movies
589,Granthem,Hansley,ghansleygc@yellowpages.com,Genderqueer,Jewelry
590,Eddy,Duffett,eduffettgd@yellowpages.com,Bigender,Movies
591,Durant,Scarman,dscarmange@about.me,Bigender,Sports
592,Tan,Kinker,tkinkergf@goo.gl,Non-binary,Toys
593,Karlyn,Treadaway,ktreadawaygg@ft.com,Polygender,Health
594,Tobie,Leheude,tleheudegh@nymag.com,Non-binary,Tools
595,Katya,Filyashin,kfilyashingi@elpais.com,Bigender,Baby
596,Edward,Warrick,ewarrickgj@bbb.org,Male,Clothing
597,Julee,Fippe,jfippegk@ed.gov,Male,Clothing
598,Dyan,Sinfield,dsinfieldgl@angelfire.com,Male,Electronics
599,Ingrim,Roskruge,iroskrugegm@yelp.com,Polygender,Jewelry
600,Olive,MacColl,omaccollgn@miibeian.gov.cn,Male,Sports
601,Marcy,Dunan,mdunango@ask.com,Female,Toys
602,Braden,Ollett,bollettgp@adobe.com,Male,Shoes
603,Aldis,Hanstock,ahanstockgq@thetimes.co.uk,Genderqueer,Beauty
604,Gabbey,Sedgmond,gsedgmondgr@apache.org,Polygender,Tools
605,Chas,Bartlomiej,cbartlomiejgs@github.com,Polygender,Sports
606,Katine,Dumbar,kdumbargt@whitehouse.gov,Male,Garden
607,Ardyce,Howsin,ahowsingu@parallels.com,Genderfluid,Books
608,Ardis,Barratt,abarrattgv@who.int,Female,Electronics
609,Cele,Richmont,crichmontgw@google.it,Bigender,Clothing
610,Brooks,Lawie,blawiegx@nbcnews.com,Genderqueer,Health
611,Iona,Kinde,ikindegy@marriott.com,Female,Books
612,Harley,Sullivan,hsullivangz@ocn.ne.jp,Non-binary,Automotive
613,Sara,Wigelsworth,swigelsworthh0@opera.com,Polygender,Computers
614,Rafi,Mordan,rmordanh1@independent.co.uk,Non-binary,Toys
615,Fawnia,Castletine,fcastletineh2@1688.com,Female,Books
616,Geneva,Runchman,grunchmanh3@altervista.org,Polygender,Games
617,Leta,Guilaem,lguilaemh4@artisteer.com,Female,Industrial
618,Stesha,Sillitoe,ssillitoeh5@privacy.gov.au,Male,Automotive
619,Linda,Aizikovitch,laizikovitchh6@mlb.com,Male,Grocery
620,Christiane,Wardley,cwardleyh7@opera.com,Female,Tools
621,Winfield,Lewinton,wlewintonh8@free.fr,Non-binary,Beauty
622,Haleigh,Chamberlayne,hchamberlayneh9@google.com.br,Bigender,Grocery
623,Jori,Naisby,jnaisbyha@sakura.ne.jp,Female,Music
624,Loutitia,Thickins,lthickinshb@dailymail.co.uk,Genderqueer,Books
625,Gardiner,Siburn,gsiburnhc@icio.us,Male,Beauty
626,Laurie,Alsina,lalsinahd@hao123.com,Genderqueer,Clothing
627,Nataline,Penwarden,npenwardenhe@list-manage.com,Bigender,Electronics
628,Ranique,Seaton,rseatonhf@hubpages.com,Polygender,Kids
629,Zack,Chesman,zchesmanhg@vimeo.com,Agender,Books
630,Conan,Morilla,cmorillahh@nsw.gov.au,Genderqueer,Beauty
631,Gwendolen,Gilardi,ggilardihi@hatena.ne.jp,Genderqueer,Jewelry
632,Wittie,Hurley,whurleyhj@jiathis.com,Polygender,Industrial
633,Billye,O'Fogarty,bofogartyhk@youku.com,Male,Outdoors
634,Veradis,Flobert,vfloberthl@ycombinator.com,Male,Shoes
635,August,Heckner,ahecknerhm@mlb.com,Non-binary,Beauty
636,Kareem,Cunradi,kcunradihn@ihg.com,Genderqueer,Movies
637,Jena,Moulds,jmouldsho@ifeng.com,Genderqueer,Outdoors
638,Renelle,Kollatsch,rkollatschhp@forbes.com,Polygender,Beauty
639,Chrysler,Gallichiccio,cgallichicciohq@hc360.com,Genderqueer,Kids
640,Amandi,Osband,aosbandhr@unblog.fr,Agender,Games
641,Eartha,Balas,ebalashs@va.gov,Genderfluid,Books
642,Jonas,Illes,jillesht@sciencedaily.com,Genderqueer,Kids
643,Corabelle,Upston,cupstonhu@fda.gov,Genderqueer,Beauty
644,Wynny,Weems,wweemshv@theglobeandmail.com,Male,Beauty
645,Farlie,Drohan,fdrohanhw@princeton.edu,Bigender,Garden
646,Leila,Gretham,lgrethamhx@ted.com,Genderqueer,Computers
647,Kaylee,Laurenz,klaurenzhy@statcounter.com,Non-binary,Health
648,Pail,Wohlers,pwohlershz@smugmug.com,Agender,Beauty
649,Rafaellle,Guillain,rguillaini0@unblog.fr,Female,Industrial
650,Pebrook,Chedgey,pchedgeyi1@businesswire.com,Non-binary,Health
651,Trever,Brizland,tbrizlandi2@live.com,Bigender,Beauty
652,Rose,Brummitt,rbrummitti3@google.it,Non-binary,Movies
653,Norma,Uebel,nuebeli4@surveymonkey.com,Agender,Automotive
654,Cristionna,Schimon,cschimoni5@blog.com,Genderfluid,Games
655,Amalia,Salla,asallai6@marketwatch.com,Genderfluid,Garden
656,Myca,Guerri,mguerrii7@ibm.com,Male,Clothing
657,Luce,Fontin,lfontini8@people.com.cn,Genderfluid,Shoes
658,Wandis,Outridge,woutridgei9@nymag.com,Male,Health
659,Amble,Backsal,abacksalia@yolasite.com,Female,Garden
660,Anabella,Giacaponi,agiacaponiib@dion.ne.jp,Genderfluid,Music
661,Frederique,Barks,fbarksic@microsoft.com,Genderfluid,Computers
662,Stevena,Kissell,skissellid@istockphoto.com,Bigender,Jewelry
663,Mordy,Ringsell,mringsellie@scribd.com,Agender,Movies
664,Blake,Frail,bfrailif@hubpages.com,Agender,Books
665,Chiquita,Beyne,cbeyneig@cnbc.com,Female,Toys
666,Dorine,Sowrah,dsowrahih@constantcontact.com,Bigender,Outdoors
667,Sigrid,Hegden,shegdenii@google.ca,Agender,Music
668,Shane,Eckford,seckfordij@techcrunch.com,Genderfluid,Industrial
669,Dewey,Gipson,dgipsonik@a8.net,Bigender,Health
670,Skyler,Antonopoulos,santonopoulosil@com.com,Non-binary,Books
671,Alexine,Brogiotti,abrogiottiim@npr.org,Female,Grocery
672,Samantha,Dulen,sdulenin@google.es,Agender,Jewelry
673,Alicea,Andries,aandriesio@nationalgeographic.com,Agender,Kids
674,Ginny,Caston,gcastonip@youku.com,Female,Home
675,Lilas,Culp,lculpiq@clickbank.net,Non-binary,Garden
676,Lucille,Gooddy,lgooddyir@npr.org,Female,Baby
677,Appolonia,Rois,aroisis@woothemes.com,Non-binary,Movies
678,Thom,Jesper,tjesperit@umich.edu,Genderfluid,Health
679,Virge,Gloucester,vgloucesteriu@livejournal.com,Polygender,Health
680,Pammie,Ridgedell,pridgedelliv@techcrunch.com,Genderqueer,Tools
681,Ira,Jacobsz,ijacobsziw@nymag.com,Non-binary,Outdoors
682,Priscella,Alcock,palcockix@buzzfeed.com,Agender,Books
683,Christophe,Nehlsen,cnehlseniy@lulu.com,Polygender,Games
684,Thornie,Cleiment,tcleimentiz@ask.com,Bigender,Kids
685,Anthia,Sollom,asollomj0@netvibes.com,Female,Garden
686,Staci,Dyde,sdydej1@wikia.com,Bigender,Baby
687,Deva,Garden,dgardenj2@jiathis.com,Bigender,Outdoors
688,Timmi,Bathersby,tbathersbyj3@sphinn.com,Agender,Sports
689,Anestassia,Lillywhite,alillywhitej4@slate.com,Genderqueer,Home
690,Javier,Rawe,jrawej5@bravesites.com,Polygender,Toys
691,Amata,Rebbeck,arebbeckj6@arizona.edu,Genderqueer,Shoes
692,Gwenore,Colliford,gcollifordj7@umn.edu,Female,Toys
693,Godiva,Windham,gwindhamj8@linkedin.com,Polygender,Health
694,Fitzgerald,Rambadt,frambadtj9@github.com,Female,Computers
695,Ginni,Akeherst,gakeherstja@webnode.com,Agender,Books
696,Ree,Cicchillo,rcicchillojb@ihg.com,Male,Tools
697,Hugo,Verity,hverityjc@google.com.au,Polygender,Health
698,Silvain,Berrey,sberreyjd@usda.gov,Genderfluid,Outdoors
699,Rana,Dorman,rdormanje@bing.com,Female,Home
700,Eward,O'Deoran,eodeoranjf@mozilla.org,Female,Movies
701,Dorella,Gianninotti,dgianninottijg@foxnews.com,Non-binary,Beauty
702,Florencia,Swinnard,fswinnardjh@cbsnews.com,Genderqueer,Tools
703,Ray,Rose,rroseji@zimbio.com,Genderqueer,Books
704,Pat,Vicent,pvicentjj@icq.com,Genderfluid,Books
705,Penny,Kilby,pkilbyjk@w3.org,Female,Health
706,Mattheus,Kesteven,mkestevenjl@amazon.com,Genderqueer,Beauty
707,Leandra,Endecott,lendecottjm@bbb.org,Polygender,Grocery
708,Wally,Swadling,wswadlingjn@moonfruit.com,Male,Electronics
709,Nikolaos,Doby,ndobyjo@senate.gov,Non-binary,Movies
710,Sylvia,Gribbins,sgribbinsjp@livejournal.com,Female,Tools
711,Dewey,Acreman,dacremanjq@facebook.com,Genderqueer,Garden
712,Modesta,Elderbrant,melderbrantjr@ning.com,Agender,Garden
713,Gianna,Leggate,gleggatejs@4shared.com,Agender,Music
714,Frederique,MacKonochie,fmackonochiejt@nih.gov,Non-binary,Automotive
715,Sayre,Extal,sextalju@ibm.com,Bigender,Jewelry
716,Crista,Lorenzo,clorenzojv@yelp.com,Bigender,Toys
717,Torr,Combes,tcombesjw@dyndns.org,Genderqueer,Tools
718,Jannelle,Schimank,jschimankjx@simplemachines.org,Polygender,Grocery
719,Berget,Sallings,bsallingsjy@wix.com,Non-binary,Garden
720,Iago,Dallan,idallanjz@devhub.com,Genderqueer,Kids
721,Verina,Kaemena,vkaemenak0@123-reg.co.uk,Bigender,Beauty
722,Nollie,Moff,nmoffk1@unesco.org,Bigender,Kids
723,Lavena,Bolley,lbolleyk2@opensource.org,Male,Baby
724,Ailis,Smithson,asmithsonk3@purevolume.com,Male,Sports
725,Christine,Dunn,cdunnk4@toplist.cz,Genderqueer,Music
726,Cori,Roney,croneyk5@mysql.com,Polygender,Industrial
727,Cyndie,Goricke,cgorickek6@eepurl.com,Genderqueer,Tools
728,Dino,Ginnaly,dginnalyk7@gizmodo.com,Polygender,Home
729,Aprilette,Seviour,aseviourk8@berkeley.edu,Male,Industrial
730,Chet,Truelock,ctruelockk9@latimes.com,Male,Music
731,Wilt,Barde,wbardeka@narod.ru,Agender,Automotive
732,Celka,Bidnall,cbidnallkb@wikipedia.org,Genderfluid,Electronics
733,Rafael,Covington,rcovingtonkc@mapy.cz,Genderqueer,Toys
734,Susanna,Naisey,snaiseykd@alibaba.com,Bigender,Shoes
735,Brewster,Ivey,biveyke@yahoo.com,Male,Beauty
736,Jilleen,Cranna,jcrannakf@salon.com,Genderqueer,Toys
737,Aldric,Pleaden,apleadenkg@pen.io,Bigender,Home
738,Peggi,Olivazzi,polivazzikh@nih.gov,Polygender,Automotive
739,Garth,Swale,gswaleki@cbsnews.com,Agender,Outdoors
740,Cecelia,Corp,ccorpkj@home.pl,Non-binary,Home
741,Peirce,Croux,pcrouxkk@hubpages.com,Genderqueer,Music
742,Skylar,Tunesi,stunesikl@netvibes.com,Polygender,Outdoors
743,Wiatt,Tomlin,wtomlinkm@homestead.com,Non-binary,Outdoors
744,Kimberlyn,Chant,kchantkn@cdc.gov,Genderfluid,Shoes
745,Erhart,McNeice,emcneiceko@hostgator.com,Genderfluid,Health
746,Ashlen,Crispe,acrispekp@vimeo.com,Polygender,Baby
747,Mario,Newberry,mnewberrykq@oaic.gov.au,Male,Automotive
748,Robbyn,McAvin,rmcavinkr@addtoany.com,Non-binary,Industrial
749,Adan,Cruttenden,acruttendenks@e-recht24.de,Male,Computers
750,Shep,Billison,sbillisonkt@oaic.gov.au,Female,Beauty
751,Pail,Boram,pboramku@who.int,Polygender,Movies
752,Tommi,Christopher,tchristopherkv@stumbleupon.com,Female,Computers
753,Krishnah,Seyfart,kseyfartkw@printfriendly.com,Female,Home
754,Darsey,McKeaveney,dmckeaveneykx@newsvine.com,Non-binary,Movies
755,Nola,Plenderleith,nplenderleithky@sphinn.com,Agender,Clothing
756,Zola,Mallows,zmallowskz@zimbio.com,Female,Industrial
757,Demetris,Fantini,dfantinil0@drupal.org,Genderfluid,Sports
758,Belva,Clace,bclacel1@yandex.ru,Agender,Health
759,Klarika,Winks,kwinksl2@elpais.com,Genderfluid,Tools
760,Daloris,Vardy,dvardyl3@hp.com,Male,Kids
761,Carena,Milan,cmilanl4@cloudflare.com,Polygender,Sports
762,Marylynne,O'Hannen,mohannenl5@businesswire.com,Genderqueer,Jewelry
763,Marybelle,Blewmen,mblewmenl6@blogs.com,Female,Jewelry
764,Charles,Handsheart,chandsheartl7@hatena.ne.jp,Genderfluid,Toys
765,Guido,Cleen,gcleenl8@goo.ne.jp,Male,Tools
766,Teresita,Spellesy,tspellesyl9@usgs.gov,Genderfluid,Games
767,Rebecca,Magson,rmagsonla@so-net.ne.jp,Non-binary,Jewelry
768,Geralda,Sanday,gsandaylb@psu.edu,Female,Games
769,Brittan,Durnford,bdurnfordlc@163.com,Genderqueer,Baby
770,Peadar,Brymner,pbrymnerld@paginegialle.it,Bigender,Health
771,Tabbatha,Gartshore,tgartshorele@unesco.org,Bigender,Music
772,Dorothee,Broker,dbrokerlf@free.fr,Non-binary,Shoes
773,Jere,Doget,jdogetlg@icq.com,Female,Clothing
774,Saundra,Manuelli,smanuellilh@technorati.com,Agender,Sports
775,Delmore,Goble,dgobleli@joomla.org,Polygender,Automotive
776,Josiah,Berrie,jberrielj@yolasite.com,Genderfluid,Jewelry
777,Mickie,Lante,mlantelk@cisco.com,Female,Grocery
778,Selena,Mc Elory,smceloryll@ted.com,Bigender,Sports
779,Rene,Easlea,reaslealm@shop-pro.jp,Male,Clothing
780,Kristos,Ligoe,kligoeln@unblog.fr,Non-binary,Industrial
781,Creight,Eye,ceyelo@dyndns.org,Agender,Electronics
782,Agnese,Ramalhete,aramalhetelp@discuz.net,Genderqueer,Music
783,Loralyn,Ainley,lainleylq@oracle.com,Female,Industrial
784,Ken,De Roeck,kderoecklr@artisteer.com,Polygender,Kids
785,Ortensia,Shalders,oshaldersls@linkedin.com,Agender,Kids
786,Darci,Simak,dsimaklt@microsoft.com,Male,Movies
787,Jacquenette,Chugg,jchugglu@sina.com.cn,Male,Industrial
788,Marin,Hatrey,mhatreylv@geocities.com,Female,Garden
789,Chlo,Dunbabin,cdunbabinlw@weather.com,Female,Outdoors
790,Estrellita,Brunnen,ebrunnenlx@e-recht24.de,Agender,Automotive
791,Denny,Hoyes,dhoyesly@upenn.edu,Male,Automotive
792,Burton,Cockram,bcockramlz@wiley.com,Genderfluid,Baby
793,Jameson,MacCartney,jmaccartneym0@pinterest.com,Female,Sports
794,Willie,MacCawley,wmaccawleym1@cyberchimps.com,Polygender,Movies
795,Rheta,Sebright,rsebrightm2@thetimes.co.uk,Male,Clothing
796,Hannah,Leale,hlealem3@msu.edu,Female,Jewelry
797,Urbain,Gidney,ugidneym4@technorati.com,Agender,Kids
798,Conway,Hoston,chostonm5@wikipedia.org,Agender,Tools
799,Curtice,Traviss,ctravissm6@plala.or.jp,Genderfluid,Health
800,Helga,Chatto,hchattom7@buzzfeed.com,Polygender,Books
801,Orin,Pressman,opressmanm8@naver.com,Female,Automotive
802,Ludvig,Adey,ladeym9@blogspot.com,Non-binary,Games
803,Mikel,Bletso,mbletsoma@blinklist.com,Genderqueer,Sports
804,Jodie,Roux,jrouxmb@fastcompany.com,Genderfluid,Health
805,Rici,Warburton,rwarburtonmc@google.fr,Polygender,Health
806,Shalom,Huard,shuardmd@apple.com,Agender,Computers
807,Alex,Berwick,aberwickme@histats.com,Bigender,Beauty
808,Joel,Pringour,jpringourmf@merriam-webster.com,Female,Garden
809,Charmain,Gavin,cgavinmg@sciencedaily.com,Bigender,Games
810,Cristionna,Donke,cdonkemh@mayoclinic.com,Non-binary,Music
811,Maxi,Handscomb,mhandscombmi@etsy.com,Genderfluid,Grocery
812,Hewie,Vasilechko,hvasilechkomj@columbia.edu,Polygender,Toys
813,Hattie,Ferns,hfernsmk@ihg.com,Polygender,Baby
814,Odessa,Caslin,ocaslinml@4shared.com,Bigender,Kids
815,Tadeas,Stobie,tstobiemm@princeton.edu,Genderqueer,Sports
816,Pammi,Callington,pcallingtonmn@virginia.edu,Male,Shoes
817,Ginelle,Tapley,gtapleymo@twitpic.com,Polygender,Baby
818,Herschel,Wickens,hwickensmp@google.it,Female,Grocery
819,Roseanne,Winteringham,rwinteringhammq@soup.io,Polygender,Jewelry
820,Erda,Fausch,efauschmr@jugem.jp,Polygender,Toys
821,Alix,Smylie,asmyliems@printfriendly.com,Non-binary,Games
822,Maribelle,Sidebotton,msidebottonmt@army.mil,Male,Health
823,Gwynne,Tutill,gtutillmu@deviantart.com,Genderqueer,Movies
824,Hermina,Conway,hconwaymv@newsvine.com,Bigender,Home
825,Christin,Fisby,cfisbymw@biblegateway.com,Genderqueer,Shoes
826,Zed,Cheshire,zcheshiremx@webnode.com,Genderfluid,Electronics
827,Cash,Jakaway,cjakawaymy@sogou.com,Bigender,Shoes
828,Andy,Lerner,alernermz@nytimes.com,Polygender,Baby
829,Mirna,Morison,mmorisonn0@pinterest.com,Non-binary,Grocery
830,Elene,Martignoni,emartignonin1@mapy.cz,Male,Jewelry
831,Jarrad,Abele,jabelen2@yellowbook.com,Polygender,Outdoors
832,Diego,Veldstra,dveldstran3@angelfire.com,Bigender,Electronics
833,Darell,Dufaur,ddufaurn4@epa.gov,Genderfluid,Movies
834,Taddeusz,Bowhay,tbowhayn5@mysql.com,Female,Shoes
835,Ardis,Clayhill,aclayhilln6@ebay.com,Genderqueer,Music
836,Kathy,Haye,khayen7@wufoo.com,Female,Tools
837,Mallorie,Trimnell,mtrimnelln8@plala.or.jp,Non-binary,Baby
838,Michaella,Antonescu,mantonescun9@biblegateway.com,Genderqueer,Movies
839,Ibrahim,Swaite,iswaitena@bloglines.com,Bigender,Books
840,Marji,Flather,mflathernb@illinois.edu,Agender,Home
841,Nikkie,Lardge,nlardgenc@so-net.ne.jp,Male,Sports
842,Shina,McInteer,smcinteernd@nydailynews.com,Genderfluid,Industrial
843,Maxie,Linklater,mlinklaterne@taobao.com,Bigender,Sports
844,Jeanie,Scotchmore,jscotchmorenf@dropbox.com,Bigender,Clothing
845,Barb,Corness,bcornessng@ning.com,Polygender,Movies
846,Wolfy,Biaggelli,wbiaggellinh@shinystat.com,Polygender,Kids
847,Ulrick,Mochan,umochanni@geocities.com,Non-binary,Music
848,Sher,Gusticke,sgustickenj@vk.com,Genderfluid,Jewelry
849,Darbie,Keetley,dkeetleynk@webeden.co.uk,Genderfluid,Sports
850,Vito,Sharrock,vsharrocknl@loc.gov,Agender,Automotive
851,Dinah,Thurston,dthurstonnm@dyndns.org,Male,Jewelry
852,Taddeo,Meach,tmeachnn@unblog.fr,Male,Clothing
853,Cyrill,Tuite,ctuiteno@twitter.com,Agender,Games
854,Farand,Eubank,feubanknp@kickstarter.com,Genderfluid,Computers
855,Cahra,Goudie,cgoudienq@php.net,Male,Kids
856,Austina,Grigore,agrigorenr@wsj.com,Female,Automotive
857,Elvis,Kalaher,ekalaherns@google.com.hk,Genderfluid,Home
858,Ola,MacMearty,omacmeartynt@noaa.gov,Genderqueer,Books
859,Torin,Tolossi,ttolossinu@hexun.com,Genderqueer,Health
860,Jamie,Dog,jdognv@addtoany.com,Female,Movies
861,Myriam,Pashley,mpashleynw@mayoclinic.com,Male,Music
862,Melitta,Bamell,mbamellnx@lycos.com,Genderfluid,Automotive
863,Mervin,Connechie,mconnechieny@yandex.ru,Genderfluid,Grocery
864,Eldridge,Beney,ebeneynz@sogou.com,Non-binary,Baby
865,Miles,Ashe,masheo0@com.com,Agender,Computers
866,Heywood,Lakes,hlakeso1@techcrunch.com,Genderfluid,Books
867,Bernadine,Scotting,bscottingo2@imgur.com,Bigender,Movies
868,Aila,Crigin,acrigino3@foxnews.com,Bigender,Toys
869,Rochelle,Windebank,rwindebanko4@sohu.com,Bigender,Automotive
870,Thane,Hargreves,thargreveso5@fastcompany.com,Non-binary,Health
871,Fidelia,Bunney,fbunneyo6@nbcnews.com,Genderfluid,Movies
872,Sarene,Piens,spienso7@csmonitor.com,Non-binary,Clothing
873,Maxy,McAviy,mmcaviyo8@fc2.com,Genderfluid,Beauty
874,Anne,Shellshear,ashellshearo9@state.tx.us,Genderfluid,Outdoors
875,Ario,Maudsley,amaudsleyoa@sfgate.com,Genderqueer,Outdoors
876,Idaline,Attwell,iattwellob@dyndns.org,Male,Industrial
877,Maxy,Rigate,mrigateoc@ehow.com,Female,Industrial
878,Laurens,Briiginshaw,lbriiginshawod@artisteer.com,Genderqueer,Books
879,Berk,Toffalo,btoffalooe@skyrock.com,Genderqueer,Music
880,Kirsteni,Beagen,kbeagenof@tumblr.com,Bigender,Garden
881,Chris,Halsall,chalsallog@squarespace.com,Genderfluid,Games
882,Kendricks,Holgan,kholganoh@ovh.net,Polygender,Computers
883,Page,Biasotti,pbiasottioi@cdbaby.com,Polygender,Books
884,Remus,Hatchette,rhatchetteoj@timesonline.co.uk,Genderfluid,Industrial
885,Amity,Willingham,awillinghamok@hhs.gov,Polygender,Movies
886,Pauletta,Monnoyer,pmonnoyerol@epa.gov,Female,Automotive
887,Nathanial,Baxstar,nbaxstarom@answers.com,Male,Tools
888,Athena,Kleynen,akleynenon@netvibes.com,Agender,Outdoors
889,Tresa,Gadman,tgadmanoo@yahoo.co.jp,Genderqueer,Movies
890,Brianne,Burcher,bburcherop@instagram.com,Bigender,Jewelry
891,Marcia,Quantick,mquantickoq@homestead.com,Non-binary,Books
892,Bastien,Flawn,bflawnor@nationalgeographic.com,Agender,Health
893,Loretta,Vitall,lvitallos@cdbaby.com,Genderqueer,Electronics
894,Charlton,Duff,cduffot@trellian.com,Non-binary,Grocery
895,Christabella,McCambrois,cmccambroisou@dropbox.com,Bigender,Automotive
896,Ivar,Wandrack,iwandrackov@jugem.jp,Polygender,Beauty
897,Constance,Winchurch,cwinchurchow@paypal.com,Bigender,Grocery
898,Christean,Redley,credleyox@icq.com,Agender,Grocery
899,Riordan,Raiston,rraistonoy@prweb.com,Bigender,Electronics
900,Neille,Foggarty,nfoggartyoz@icq.com,Agender,Automotive
901,Zsazsa,Labarre,zlabarrep0@hatena.ne.jp,Agender,Computers
902,Deborah,Despenser,ddespenserp1@amazonaws.com,Polygender,Sports
903,Janith,Ledster,jledsterp2@wikipedia.org,Female,Jewelry
904,Jenda,Bakster,jbaksterp3@unblog.fr,Female,Garden
905,Collen,Joint,cjointp4@facebook.com,Agender,Electronics
906,Tad,Fritzer,tfritzerp5@admin.ch,Polygender,Sports
907,Garret,Wannop,gwannopp6@newyorker.com,Genderqueer,Industrial
908,Loria,Piggins,lpigginsp7@1688.com,Genderqueer,Movies
909,Abbey,Dericut,adericutp8@xrea.com,Genderfluid,Health
910,Svend,Hartly,shartlyp9@usa.gov,Polygender,Computers
911,Janaya,Bresner,jbresnerpa@e-recht24.de,Bigender,Tools
912,Clayton,Lydiard,clydiardpb@reuters.com,Genderqueer,Home
913,Twila,Drogan,tdroganpc@homestead.com,Agender,Industrial
914,Clarinda,Jendrich,cjendrichpd@army.mil,Agender,Books
915,Nari,Pollendine,npollendinepe@ning.com,Non-binary,Beauty
916,Inness,Shakle,ishaklepf@weibo.com,Agender,Jewelry
917,Gisela,Jersch,gjerschpg@yale.edu,Genderfluid,Beauty
918,Brewster,Ilsley,bilsleyph@woothemes.com,Agender,Health
919,Carson,Shemmin,cshemminpi@theatlantic.com,Polygender,Games
920,Gris,Edland,gedlandpj@furl.net,Agender,Games
921,Colline,Gibben,cgibbenpk@slideshare.net,Genderqueer,Garden
922,Jeniffer,Alltimes,jalltimespl@twitpic.com,Genderqueer,Industrial
923,Carlos,Moorwood,cmoorwoodpm@usa.gov,Bigender,Sports
924,Marlon,Persence,mpersencepn@nytimes.com,Bigender,Home
925,Ricky,Cobbald,rcobbaldpo@joomla.org,Non-binary,Books
926,Ruthie,Jewes,rjewespp@unicef.org,Genderqueer,Clothing
927,Lezlie,Keogh,lkeoghpq@fotki.com,Bigender,Music
928,Noelani,McClarence,nmcclarencepr@abc.net.au,Polygender,Toys
929,Ned,Pennycock,npennycockps@hatena.ne.jp,Genderqueer,Beauty
930,Vaughan,Widdison,vwiddisonpt@ifeng.com,Male,Automotive
931,Brew,Allanby,ballanbypu@cargocollective.com,Genderfluid,Outdoors
932,Carlin,Lago,clagopv@hugedomains.com,Non-binary,Books
933,Penn,Henden,phendenpw@blogspot.com,Male,Movies
934,Ardine,Stonhewer,astonhewerpx@va.gov,Genderfluid,Automotive
935,Dyanna,Tousey,dtouseypy@disqus.com,Bigender,Baby
936,Basilio,Beedham,bbeedhampz@yale.edu,Female,Movies
937,Lawton,LLelweln,lllelwelnq0@squidoo.com,Genderqueer,Movies
938,Osmund,Stammler,ostammlerq1@ovh.net,Female,Beauty
939,Codie,Gauvin,cgauvinq2@elpais.com,Genderfluid,Industrial
940,Lelia,Lysaght,llysaghtq3@nationalgeographic.com,Genderfluid,Home
941,Donaugh,Kose,dkoseq4@arizona.edu,Agender,Outdoors
942,Greggory,O'Rourke,gorourkeq5@forbes.com,Agender,Home
943,Winna,Hazell,whazellq6@stanford.edu,Agender,Kids
944,Virgie,Petrowsky,vpetrowskyq7@howstuffworks.com,Male,Kids
945,Darill,Mathiassen,dmathiassenq8@ask.com,Male,Grocery
946,Vinnie,Bedlington,vbedlingtonq9@issuu.com,Female,Music
947,Shannen,Kiessel,skiesselqa@patch.com,Agender,Tools
948,Tiphany,Crippill,tcrippillqb@un.org,Polygender,Clothing
949,Bran,Billison,bbillisonqc@theatlantic.com,Bigender,Health
950,Nancy,Nowlan,nnowlanqd@archive.org,Non-binary,Shoes
951,Morissa,Stephens,mstephensqe@pen.io,Polygender,Outdoors
952,Olivero,Banford,obanfordqf@wix.com,Genderqueer,Outdoors
953,Florrie,Chestle,fchestleqg@linkedin.com,Genderfluid,Kids
954,Hatty,Story,hstoryqh@imgur.com,Bigender,Computers
955,Toma,Grutchfield,tgrutchfieldqi@washington.edu,Genderfluid,Toys
956,Dino,O'Flaverty,doflavertyqj@bbb.org,Female,Baby
957,Brigit,Braemer,bbraemerqk@tinypic.com,Female,Tools
958,Bealle,Pawden,bpawdenql@who.int,Male,Music
959,Ortensia,Iliff,oiliffqm@flickr.com,Female,Computers
960,Lurlene,Trower,ltrowerqn@miitbeian.gov.cn,Agender,Health
961,Sally,Fairlam,sfairlamqo@harvard.edu,Non-binary,Sports
962,Renado,Blundon,rblundonqp@yelp.com,Genderqueer,Home
963,Onida,Hardi,ohardiqq@prnewswire.com,Male,Baby
964,Arin,Castagnaro,acastagnaroqr@zimbio.com,Female,Music
965,Karleen,Alpin,kalpinqs@techcrunch.com,Male,Jewelry
966,Demetrius,Fawdrey,dfawdreyqt@reddit.com,Polygender,Computers
967,Fraser,Saphir,fsaphirqu@domainmarket.com,Agender,Garden
968,Albertine,Keelan,akeelanqv@google.nl,Female,Movies
969,Fawnia,Dubs,fdubsqw@blogger.com,Female,Health
970,Natalina,Hindsberg,nhindsbergqx@upenn.edu,Polygender,Industrial
971,Locke,Rizzello,lrizzelloqy@php.net,Genderfluid,Games
972,Helena,Rydings,hrydingsqz@whitehouse.gov,Non-binary,Tools
973,Uriah,Jeff,ujeffr0@slideshare.net,Bigender,Health
974,Kessia,Duffield,kduffieldr1@marketwatch.com,Male,Kids
975,Adah,Lattos,alattosr2@admin.ch,Genderfluid,Grocery
976,Johnath,Scopham,jscophamr3@ycombinator.com,Polygender,Shoes
977,Madelina,Hing,mhingr4@ning.com,Female,Jewelry
978,Clyde,Wise,cwiser5@xing.com,Non-binary,Shoes
979,Donnamarie,Birley,dbirleyr6@storify.com,Genderfluid,Health
980,Fremont,Duell,fduellr7@bravesites.com,Female,Kids
981,Bill,Charville,bcharviller8@chicagotribune.com,Non-binary,Kids
982,Trace,Lujan,tlujanr9@devhub.com,Bigender,Books
983,Erhard,Hutton,ehuttonra@independent.co.uk,Female,Outdoors
984,Tina,Anthiftle,tanthiftlerb@usgs.gov,Bigender,Computers
985,Shanta,Mellor,smellorrc@imgur.com,Genderqueer,Books
986,Rosaline,Stollenwerck,rstollenwerckrd@shutterfly.com,Bigender,Toys
987,Rhona,Rowly,rrowlyre@altervista.org,Agender,Tools
988,Tabina,Albers,talbersrf@usa.gov,Agender,Beauty
989,Shepard,Dightham,sdighthamrg@soundcloud.com,Female,Music
990,Donella,Handford,dhandfordrh@elegantthemes.com,Genderqueer,Automotive
991,Eduardo,Elliker,eellikerri@ask.com,Genderqueer,Tools
992,Larina,Solman,lsolmanrj@instagram.com,Genderqueer,Games
993,Baryram,Aspden,baspdenrk@unesco.org,Bigender,Toys
994,Davin,Danet,ddanetrl@google.it,Genderfluid,Clothing
995,Heidi,MacQuaker,hmacquakerrm@kickstarter.com,Genderfluid,Music
996,Emelda,Riddle,eriddlern@twitpic.com,Male,Shoes
997,Sammie,Perrins,sperrinsro@list-manage.com,Non-binary,Baby
998,La verne,Oleszcuk,loleszcukrp@purevolume.com,Non-binary,Kids
999,Spencer,Coxhead,scoxheadrq@yelp.com,Male,Grocery
1000,Madelena,Ditchett,mditchettrr@ucoz.ru,Agender,Home
